{"loss": [6.958795547485352, 5.073011875152588, 4.251155376434326, 3.6727824211120605, 3.180096387863159, 2.771087408065796, 2.4216601848602295, 2.1114890575408936, 1.8430967330932617, 1.6050695180892944, 1.4008574485778809, 1.231541395187378, 1.0830744504928589, 0.9554250836372375, 0.846339225769043, 0.7505930662155151, 0.6844325065612793, 0.6180404424667358, 0.5585333108901978, 0.5010862350463867, 0.444479763507843, 0.38703587651252747, 0.3257994055747986, 0.27917617559432983, 0.23542942106723785, 0.21742330491542816, 0.18384000658988953, 0.15833191573619843, 0.15261310338974, 0.13365425169467926, 0.12316516786813736, 0.10996553301811218, 0.1137114092707634, 0.11078928411006927, 0.09926839917898178, 0.09556449949741364, 0.09328090399503708, 0.09289666265249252, 0.09244053810834885, 0.08348718285560608, 0.07173113524913788, 0.07341834157705307, 0.06760410964488983, 0.06863010674715042], "binary_classification_outputs_loss": [0.7260067462921143, 0.39326009154319763, 0.33952948451042175, 0.31960737705230713, 0.3063403367996216, 0.3090670704841614, 0.30494043231010437, 0.30241525173187256, 0.30203697085380554, 0.2920479476451874, 0.29025572538375854, 0.2921152412891388, 0.28898000717163086, 0.2880786657333374, 0.2828872501850128, 0.27477607131004333, 0.28146177530288696, 0.2713072597980499, 0.2587421238422394, 0.23580406606197357, 0.2116718292236328, 0.17775239050388336, 0.14295558631420135, 0.12069012969732285, 0.0960841029882431, 0.09496750682592392, 0.0759337991476059, 0.06447995454072952, 0.07054369896650314, 0.059101544320583344, 0.05528087168931961, 0.04608986899256706, 0.05468406528234482, 0.05685079097747803, 0.04889238625764847, 0.047953881323337555, 0.04709193855524063, 0.04781296104192734, 0.04961662366986275, 0.04484212398529053, 0.03561538830399513, 0.03908027336001396, 0.036332715302705765, 0.036870528012514114], "regression_outputs_loss": [1.8474434614181519, 0.7388386130332947, 0.4118756055831909, 0.27276644110679626, 0.18045495450496674, 0.12235666811466217, 0.0970475971698761, 0.07541967183351517, 0.06110943853855133, 0.0562109649181366, 0.047130387276411057, 0.04363902285695076, 0.04151640832424164, 0.03670719638466835, 0.035934362560510635, 0.034267108887434006, 0.03267241269350052, 0.033126745373010635, 0.03296927735209465, 0.03547254204750061, 0.03397020697593689, 0.03758823126554489, 0.03354060649871826, 0.030317895114421844, 0.028460387140512466, 0.02551928162574768, 0.023903721943497658, 0.022051673382520676, 0.02069643884897232, 0.020266089588403702, 0.01983555778861046, 0.01959112472832203, 0.01747286319732666, 0.01751510240137577, 0.017541147768497467, 0.017138564959168434, 0.016015876084566116, 0.015895722433924675, 0.015916312113404274, 0.01526679564267397, 0.014551141299307346, 0.014599896036088467, 0.013115247711539268, 0.014169965870678425], "binary_classification_outputs_accuracy": [0.5960729122161865, 0.7272089719772339, 0.7342215776443481, 0.7370266318321228, 0.7384291887283325, 0.7377278804779053, 0.7377278804779053, 0.7377278804779053, 0.7377278804779053, 0.7377278804779053, 0.7377278804779053, 0.7377278804779053, 0.7377278804779053, 0.7377278804779053, 0.7377278804779053, 0.7384291887283325, 0.7377278804779053, 0.7377278804779053, 0.7377278804779053, 0.7384291887283325, 0.7419354915618896, 0.7405329346656799, 0.7510519027709961, 0.7559607028961182, 0.7461430430412292, 0.7447405457496643, 0.7489480972290039, 0.7440392971038818, 0.752454400062561, 0.7468442916870117, 0.7517531514167786, 0.7678821682929993, 0.7510519027709961, 0.7496493458747864, 0.7531557083129883, 0.7699859738349915, 0.7468442916870117, 0.7636746168136597, 0.7461430430412292, 0.7517531514167786, 0.7615708112716675, 0.7798036336898804, 0.747545599937439, 0.7566620111465454], "binary_classification_outputs_precision": [0.7215346693992615, 0.8864602446556091, 0.938144326210022, 0.9521654844284058, 0.9637203216552734, 0.9789830446243286, 0.9722785949707031, 0.9729912281036377, 0.9855570793151855, 0.9896622896194458, 0.9937543272972107, 0.9896480441093445, 0.9897119402885437, 0.9924085736274719, 0.9804450273513794, 0.9823608994483948, 0.9816076159477234, 0.9669312238693237, 0.9658505320549011, 0.9672750234603882, 0.9623100161552429, 0.953687846660614, 0.9649915099143982, 0.9706380367279053, 0.9706371426582336, 0.9716035723686218, 0.9848569631576538, 0.9816768169403076, 0.9811634421348572, 0.9822911024093628, 0.9838978052139282, 0.9904974699020386, 0.9844789505004883, 0.9855394959449768, 0.9844703078269958, 0.9883785247802734, 0.9905186891555786, 0.9894561767578125, 0.9883138537406921, 0.9900000095367432, 0.9872646927833557, 0.9916620254516602, 0.9933110475540161, 0.9911209940910339], "binary_classification_outputs_recall": [0.647777795791626, 0.8111110925674438, 0.8088889122009277, 0.8183333277702332, 0.8116666674613953, 0.8022222518920898, 0.7988888621330261, 0.8005555272102356, 0.7961111068725586, 0.7977777719497681, 0.7955555319786072, 0.79666668176651, 0.8016666769981384, 0.7988888621330261, 0.8077777624130249, 0.804444432258606, 0.8005555272102356, 0.8122222423553467, 0.8327777981758118, 0.8538888692855835, 0.879444420337677, 0.9266666769981384, 0.9494444727897644, 0.9549999833106995, 0.9733333587646484, 0.9694444537162781, 0.9755555391311646, 0.9822221994400024, 0.9838888645172119, 0.9861111044883728, 0.9844444394111633, 0.9844444394111633, 0.9866666793823242, 0.9844444394111633, 0.9861111044883728, 0.992222249507904, 0.9866666793823242, 0.9905555844306946, 0.9866666793823242, 0.9900000095367432, 0.9905555844306946, 0.9911110997200012, 0.9900000095367432, 0.992222249507904], "binary_classification_outputs_auc": [0.6649991869926453, 0.8889433145523071, 0.9007115960121155, 0.9070278406143188, 0.9106189012527466, 0.9044536352157593, 0.9081400036811829, 0.9080497026443481, 0.9088535308837891, 0.9156450629234314, 0.917957067489624, 0.915618896484375, 0.9185166358947754, 0.9177519083023071, 0.9245907068252563, 0.9319030046463013, 0.924270749092102, 0.9359441995620728, 0.9446527361869812, 0.9571548700332642, 0.9678390026092529, 0.9786750078201294, 0.9860379695892334, 0.9897904396057129, 0.993651807308197, 0.9939250349998474, 0.9962016940116882, 0.9971916079521179, 0.9959350824356079, 0.9970173835754395, 0.9972463250160217, 0.9981582164764404, 0.9973770380020142, 0.9972927570343018, 0.9982404112815857, 0.9968971610069275, 0.9978739023208618, 0.9970909357070923, 0.9977741241455078, 0.9973950982093811, 0.9989641308784485, 0.9983441233634949, 0.997925341129303, 0.9981374740600586], "regression_outputs_mae": [1.0790367126464844, 0.6819078922271729, 0.5109793543815613, 0.41580986976623535, 0.33676788210868835, 0.27767515182495117, 0.24583721160888672, 0.21598511934280396, 0.19459857046604156, 0.1845996379852295, 0.1710052639245987, 0.16342836618423462, 0.15888570249080658, 0.149800106883049, 0.14847131073474884, 0.14426399767398834, 0.14114239811897278, 0.14195892214775085, 0.14165382087230682, 0.14630162715911865, 0.14333952963352203, 0.14979864656925201, 0.14109963178634644, 0.13493022322654724, 0.13022562861442566, 0.12350068986415863, 0.11931635439395905, 0.11438155919313431, 0.1099172830581665, 0.10887276381254196, 0.10740568488836288, 0.10646709054708481, 0.10084614157676697, 0.10073725134134293, 0.10083544999361038, 0.09904048591852188, 0.09549173712730408, 0.09530492126941681, 0.09538795799016953, 0.0935082882642746, 0.09047043323516846, 0.09027878940105438, 0.08578778058290482, 0.08931689709424973],