{"binary_classification_outputs_accuracy": [0.560308575630188, 0.6479663252830505, 0.7187938094139099, 0.7454417943954468, 0.7405329346656799, 0.7482468485832214, 0.747545599937439, 0.7447405457496643, 0.7489480972290039, 0.7482468485832214, 0.747545599937439, 0.7440392971038818, 0.7496493458747864, 0.7489480972290039, 0.7454417943954468, 0.7447405457496643, 0.7461430430412292, 0.7468442916870117, 0.7454417943954468, 0.7419354915618896, 0.7419354915618896, 0.7440392971038818, 0.7461430430412292, 0.7440392971038818, 0.7447405457496643, 0.7426367402076721, 0.7433379888534546, 0.7426367402076721, 0.7412342429161072, 0.7412342429161072, 0.7419354915618896, 0.7412342429161072, 0.7405329346656799, 0.7426367402076721, 0.7419354915618896, 0.7412342429161072, 0.7426367402076721, 0.7419354915618896, 0.7398316860198975, 0.7398316860198975, 0.7426367402076721, 0.7419354915618896, 0.7433379888534546, 0.7412342429161072, 0.7419354915618896, 0.7426367402076721, 0.7405329346656799, 0.7419354915618896, 0.7405329346656799, 0.7440392971038818, 0.7419354915618896, 0.7412342429161072], "binary_classification_outputs_auc": [0.5626579523086548, 0.7173909544944763, 0.8319168090820312, 0.9020075798034668, 0.9302780628204346, 0.950749397277832, 0.9578717350959778, 0.9586164951324463, 0.9639727473258972, 0.9670672416687012, 0.9701825976371765, 0.9721472263336182, 0.9744724035263062, 0.9760347008705139, 0.9763149619102478, 0.976483941078186, 0.9801251888275146, 0.9811175465583801, 0.9796851873397827, 0.9786768555641174, 0.9796494245529175, 0.9811987280845642, 0.9844522476196289, 0.9815411567687988, 0.9818804860115051, 0.9839107394218445, 0.9852085709571838, 0.9863090515136719, 0.9809720516204834, 0.9841949939727783, 0.9852077960968018, 0.9841840267181396, 0.9851935505867004, 0.9846892356872559, 0.9844332933425903, 0.9830518960952759, 0.9859017133712769, 0.9870134592056274, 0.9861191511154175, 0.9857064485549927, 0.9868859052658081, 0.9869016408920288, 0.9872170090675354, 0.9869499206542969, 0.9867827892303467, 0.9875203967094421, 0.9866743087768555, 0.9870169162750244, 0.9870920181274414, 0.990058422088623, 0.9880605340003967, 0.9858149290084839], "binary_classification_outputs_loss": [0.8107506036758423, 0.625909149646759, 0.5138185024261475, 0.42304250597953796, 0.3622654676437378, 0.3038841187953949, 0.27319175004959106, 0.2574957311153412, 0.23762275278568268, 0.2224516123533249, 0.21256671845912933, 0.20262517035007477, 0.19460609555244446, 0.18748053908348083, 0.18450655043125153, 0.18531394004821777, 0.16992753744125366, 0.16498808562755585, 0.17109224200248718, 0.17301318049430847, 0.17128629982471466, 0.16489790380001068, 0.1509147733449936, 0.1643281728029251, 0.1595667153596878, 0.1544012427330017, 0.14930841326713562, 0.1442028433084488, 0.16545240581035614, 0.14969751238822937, 0.14714547991752625, 0.15247483551502228, 0.1479666531085968, 0.14931060373783112, 0.15130874514579773, 0.15580303966999054, 0.14244197309017181, 0.13725408911705017, 0.14364862442016602, 0.14371895790100098, 0.13976159691810608, 0.13882127404212952, 0.13805441558361053, 0.13742302358150482, 0.1376669555902481, 0.1350868046283722, 0.13807174563407898, 0.13819974660873413, 0.13617531955242157, 0.11978308111429214, 0.1288074553012848, 0.1438024789094925], "binary_classification_outputs_precision": [0.6673400402069092, 0.7728442549705505, 0.8386502861976624, 0.8877254128456116, 0.9204275608062744, 0.9433393478393555, 0.9492233991622925, 0.9433174133300781, 0.9474306106567383, 0.9507042169570923, 0.9420289993286133, 0.952353298664093, 0.9486142992973328, 0.9483352303504944, 0.954965353012085, 0.9514731168746948, 0.9491237998008728, 0.9533560872077942, 0.9522998332977295, 0.9553264379501343, 0.9518140554428101, 0.9565962553024292, 0.9539325833320618, 0.9546228051185608, 0.9564719200134277, 0.9559571146965027, 0.9544432163238525, 0.9558823704719543, 0.9497742652893066, 0.9646118879318237, 0.9570863842964172, 0.9575791954994202, 0.9557822942733765, 0.9499165415763855, 0.9573621153831482, 0.9516310691833496, 0.9583567976951599, 0.9563513994216919, 0.9522472023963928, 0.9576510190963745, 0.9612535834312439, 0.9576510190963745, 0.9594365954399109, 0.9595732688903809, 0.9619318246841431, 0.9619966149330139, 0.9599999785423279, 0.9583098888397217, 0.9626907706260681, 0.9672870635986328, 0.9663817882537842, 0.9591605067253113], "binary_classification_outputs_recall": [0.5517817139625549, 0.6687082648277283, 0.7611358761787415, 0.8496659398078918, 0.8630289435386658, 0.8713808655738831, 0.884743869304657, 0.8802895545959473, 0.8930957913398743, 0.9020044803619385, 0.9047884345054626, 0.9125835299491882, 0.9148107171058655, 0.9198217988014221, 0.9209353923797607, 0.917037844657898, 0.9348552227020264, 0.9331848621368408, 0.9337416291236877, 0.9287304878234863, 0.9348552227020264, 0.9326280355453491, 0.9454342722892761, 0.9370824098587036, 0.929844081401825, 0.942650318145752, 0.9448775053024292, 0.9409799575805664, 0.9370824098587036, 0.9409799575805664, 0.9437639117240906, 0.942650318145752, 0.9387527704238892, 0.9504454135894775, 0.9376391768455505, 0.942093551158905, 0.9482182860374451, 0.9515590071678162, 0.9437639117240906, 0.9443207383155823, 0.9393095970153809, 0.9443207383155823, 0.9482182860374451, 0.9515590071678162, 0.942650318145752, 0.9443207383155823, 0.948775053024292, 0.9471046924591064, 0.9482182860374451, 0.954899787902832, 0.9443207383155823, 0.9415367245674133], "loss": [6.3498382568359375, 4.812497138977051, 3.9332454204559326, 3.277327537536621, 2.756784200668335, 2.3190577030181885, 1.9727413654327393, 1.6949148178100586, 1.4513555765151978, 1.2473015785217285, 1.0791969299316406, 0.9359026551246643, 0.8180978298187256, 0.7203989624977112, 0.6432361006736755, 0.5851151347160339, 0.5220701694488525, 0.47736048698425293, 0.4527243673801422, 0.4302866458892822, 0.40666019916534424, 0.3807230591773987, 0.35198020935058594, 0.3527529537677765, 0.3392724096775055, 0.3281573951244354, 0.31648170948028564, 0.3017977476119995, 0.3157177269458771, 0.2946228086948395, 0.28857001662254333, 0.28916120529174805, 0.2820236384868622, 0.28223156929016113, 0.281871497631073, 0.2840990126132965, 0.26811128854751587, 0.25784170627593994, 0.2624674439430237, 0.2611459493637085, 0.25464457273483276, 0.25330254435539246, 0.25436854362487793, 0.25368645787239075, 0.25252655148506165, 0.24790151417255402, 0.25016868114471436, 0.24909652769565582, 0.2472604662179947, 0.22953879833221436, 0.2381296306848526, 0.25220435857772827], "regression_outputs_loss": [1.5666314363479614, 0.8584445714950562, 0.5499531030654907, 0.37636464834213257, 0.263235867023468, 0.190775528550148, 0.1480354517698288, 0.12043691426515579, 0.09908893704414368, 0.08361657708883286, 0.07041945308446884, 0.05872917175292969, 0.05118255689740181, 0.0439789704978466, 0.03917774185538292, 0.033624228090047836, 0.029529841616749763, 0.02668645605444908, 0.02337445132434368, 0.021810973063111305, 0.019764434546232224, 0.017943864688277245, 0.017203809693455696, 0.0157953929156065, 0.014900521375238895, 0.014214402064681053, 0.013294076547026634, 0.012317358516156673, 0.01205684244632721, 0.011401238851249218, 0.010972072370350361, 0.011021352373063564, 0.010698402300477028, 0.0109600480645895, 0.010476923547685146, 0.010145267471671104, 0.010143737308681011, 0.009766148403286934, 0.00973129365593195, 0.009295244701206684, 0.009272233583033085, 0.009733580984175205, 0.009663084521889687, 0.009548374451696873, 0.009600180201232433, 0.009248248301446438, 0.009304756298661232, 0.009649674408137798, 0.009484946727752686, 0.009587612934410572, 0.00971253216266632, 0.009252207353711128],