{"binary_classification_outputs_accuracy": [0.5694249868392944, 0.6213183999061584, 0.5792426466941833, 0.5722300410270691, 0.5981767177581787, 0.5995792150497437, 0.6136044859886169, 0.6262272000312805, 0.6367461681365967, 0.6423562169075012, 0.6493688821792603, 0.6718092560768127, 0.6781206130981445, 0.6795231699943542, 0.7117812037467957, 0.725806474685669, 0.7321178317070007, 0.7468442916870117, 0.7755960822105408, 0.7678821682929993, 0.774193525314331, 0.7945301532745361, 0.7896212935447693, 0.8057503700256348, 0.8120617270469666, 0.8288919925689697, 0.8267882466316223, 0.8373071551322937, 0.8359046578407288, 0.8330996036529541, 0.8436185121536255, 0.8534361720085144, 0.8499298691749573, 0.8373071551322937, 0.8485273718833923, 0.8527349233627319, 0.8639551401138306, 0.851332426071167, 0.8555399775505066, 0.8716689944267273, 0.8569424748420715, 0.8653576374053955, 0.8569424748420715, 0.8667601943016052, 0.874474048614502, 0.8688639402389526, 0.8639551401138306, 0.8709677457809448, 0.8723702430725098, 0.8723702430725098], "binary_classification_outputs_loss": [-0.614496648311615, -4.556739330291748, -10.96525764465332, -20.990633010864258, -34.62007141113281, -52.19883346557617, -74.30595397949219, -101.3134994506836, -132.11602783203125, -168.70469665527344, -207.84739685058594, -251.80987548828125, -301.09588623046875, -353.4987487792969, -407.4539794921875, -467.0857238769531, -527.6585083007812, -594.9625244140625, -665.9871826171875, -739.2369995117188, -811.2278442382812, -896.8361206054688, -979.5018920898438, -1067.8497314453125, -1159.0491943359375, -1251.5740966796875, -1346.375732421875, -1448.0247802734375, -1551.6279296875, -1646.7763671875, -1762.421875, -1870.167236328125, -1992.1807861328125, -2111.393310546875, -2227.359375, -2343.62744140625, -2458.174072265625, -2594.378173828125, -2719.560302734375, -2869.439208984375, -2990.40625, -3124.171875, -3260.03759765625, -3420.75390625, -3562.9365234375, -3704.706298828125, -3873.084716796875, -4023.6513671875, -4154.97119140625, -4328.18310546875], "binary_classification_outputs_precision": [0.6608300805091858, 0.6846499443054199, 0.6982043981552124, 0.7099073529243469, 0.7268152236938477, 0.7517032623291016, 0.7590090036392212, 0.7939538359642029, 0.8098307847976685, 0.8521367311477661, 0.8809106945991516, 0.8816466331481934, 0.890350878238678, 0.9007092118263245, 0.9022746682167053, 0.9160305261611938, 0.9343003630638123, 0.9259881973266602, 0.930081307888031, 0.9313482046127319, 0.9308943152427673, 0.9291401505470276, 0.949999988079071, 0.9193916320800781, 0.9472843408584595, 0.9405864477157593, 0.9457547068595886, 0.9295988082885742, 0.9517884850502014, 0.9461778402328491, 0.957198441028595, 0.9547199010848999, 0.9670588374137878, 0.9615384340286255, 0.9723320007324219, 0.9611197710037231, 0.9542682766914368, 0.9707971811294556, 0.9703587889671326, 0.9621498584747314, 0.9489718079566956, 0.9752704501152039, 0.9809523820877075, 0.9726775884628296, 0.9760247468948364, 0.9811912178993225, 0.9865399599075317, 0.9858712553977966, 0.9593985080718994, 0.9760802388191223], "binary_classification_outputs_recall": [0.5689558982849121, 0.5951982140541077, 0.5644891262054443, 0.5561138987541199, 0.5644891262054443, 0.5544388890266418, 0.5644891262054443, 0.5572305917739868, 0.5611390471458435, 0.5566722750663757, 0.5616973638534546, 0.573980987071991, 0.5667225122451782, 0.5672808289527893, 0.5979899764060974, 0.6030150651931763, 0.6113902926445007, 0.6147403717041016, 0.6387493014335632, 0.6286990642547607, 0.6393076777458191, 0.6515913009643555, 0.6471245288848877, 0.6750418543815613, 0.6621999144554138, 0.680625319480896, 0.6716917753219604, 0.6856504678726196, 0.6834170818328857, 0.6772752404212952, 0.6867671608924866, 0.6945840120315552, 0.6884422302246094, 0.6839754581451416, 0.6867671608924866, 0.6901172399520874, 0.699050784111023, 0.6867671608924866, 0.6945840120315552, 0.7096593976020813, 0.6957007050514221, 0.7046343088150024, 0.6901172399520874, 0.6957007050514221, 0.7046343088150024, 0.699050784111023, 0.6957007050514221, 0.7012841701507568, 0.712451159954071, 0.7063093185424805], "loss": [1.484622597694397, -3.2568063735961914, -10.067232131958008, -20.31117057800293, -34.04179000854492, -51.66790771484375, -73.84246063232422, -100.87088012695312, -131.76365661621094, -168.26646423339844, -207.34059143066406, -251.37545776367188, -300.6213073730469, -352.8583984375, -407.5135803222656, -466.84619140625, -527.1427612304688, -595.630859375, -666.5347900390625, -739.2802124023438, -812.2686767578125, -895.915771484375, -978.5308837890625, -1067.7818603515625, -1157.7081298828125, -1250.473876953125, -1345.8421630859375, -1447.786376953125, -1550.357177734375, -1646.637451171875, -1761.368896484375, -1870.03125, -1991.37890625, -2109.540771484375, -2228.10107421875, -2342.7158203125, -2459.6630859375, -2592.136962890625, -2721.052001953125, -2867.52880859375, -2989.007080078125, -3123.0537109375, -3262.856689453125, -3417.48388671875, -3562.97802734375, -3702.19287109375, -3873.09814453125, -4022.624755859375, -4156.259765625, -4331.39501953125], "regression_outputs_loss": [2.0733261108398438, 1.2826480865478516, 0.883264422416687, 0.6237704157829285, 0.4995324909687042, 0.41533511877059937, 0.3597528338432312, 0.29500025510787964, 0.24222184717655182, 0.19983287155628204, 0.16223669052124023, 0.13142448663711548, 0.1051282063126564, 0.0809677317738533, 0.06434410065412521, 0.050751570612192154, 0.040695395320653915, 0.035720739513635635, 0.029724838212132454, 0.026964841410517693, 0.024307651445269585, 0.022955166175961494, 0.022204220294952393, 0.020480215549468994, 0.020441649481654167, 0.020897220820188522, 0.01943087950348854, 0.019502688199281693, 0.019198859110474586, 0.0208576750010252, 0.019138522446155548, 0.01864246092736721, 0.018382083624601364, 0.017872607335448265, 0.019892020151019096, 0.018184548243880272, 0.018206633627414703, 0.017930669710040092, 0.019144494086503983, 0.020181667059659958, 0.019180521368980408, 0.018559109419584274, 0.01994800753891468, 0.020019281655550003, 0.021270742639899254, 0.022441169247031212, 0.022070620208978653, 0.019668323919177055, 0.022511938586831093, 0.02151411958038807], "regression_outputs_mae": [1.1321762800216675, 0.8892399668693542, 0.7366148233413696, 0.6146643161773682, 0.5428208112716675, 0.4901910126209259, 0.45170778036117554, 0.40623629093170166, 0.3640501797199249, 0.3266334533691406, 0.2907117009162903, 0.25732284784317017, 0.22938023507595062, 0.20293503999710083, 0.18152548372745514, 0.162473663687706, 0.14509736001491547, 0.13522736728191376, 0.12439906597137451, 0.11798813939094543, 0.11227529495954514, 0.10924667865037918, 0.10691286623477936, 0.10368791222572327, 0.10323133319616318, 0.10513342916965485, 0.10063813626766205, 0.10056912899017334, 0.10123824328184128, 0.10446600615978241, 0.10073285549879074, 0.09952672570943832, 0.09870383888483047, 0.09763218462467194, 0.10363800823688507, 0.09839127957820892, 0.09916122257709503, 0.09736187011003494, 0.10089541226625443, 0.10236616432666779, 0.10022338479757309, 0.0983901396393776, 0.10278386622667313, 0.10355953127145767, 0.10637053102254868, 0.108494333922863, 0.10653983056545258, 0.10195034742355347, 0.10973920673131943, 0.10710332542657852],